Insert,Topic,Time,Field1,Field2,isValid,Error
Queue Insert, pisid_mazemov, {Hora:"2023-04-09 20:18:28.092138", SalaEntrada:1, SalaSaida:3},
Mongo Insert,, Time: 2000-01-01 00:00:00.0 ,  EntranceRoom: 0, ExitRoom: 0, isValid: false , Error: INFO:0 - Experience Start Message. 
Mongo Insert,, Time: 2023-04-09 20:18:28.092138 ,  EntranceRoom: 1, ExitRoom: 3, isValid: true
Queue Insert, pisid_mazemov, {Hora:"2023-04-09 20:18:29.593123", SalaEntrada:1, SalaSaida:3},
Mongo Insert,, Time: 2023-04-09 20:18:29.593123 ,  EntranceRoom: 1, ExitRoom: 3, isValid: true
Queue Insert, pisid_mazemov, {Hora:"2023-04-09 20:18:31.093111", SalaEntrada:3, SalaSaida:2},
Queue Insert, pisid_mazemov, {Hora:"2023-04-09 20:18:31.094108", SalaEntrada:3, SalaSaida:2},
Mongo Insert,, Time: 2023-04-09 20:18:31.093111 ,  EntranceRoom: 3, ExitRoom: 2, isValid: true
Mongo Insert,, Time: 2023-04-09 20:18:31.094108 ,  EntranceRoom: 3, ExitRoom: 2, isValid: true
Queue Insert, pisid_mazemov, {Hora:"2023-04-09 20:18:34.094084", SalaEntrada:1, SalaSaida:3},
Mongo Insert,, Time: 2023-04-09 20:18:34.094084 ,  EntranceRoom: 1, ExitRoom: 3, isValid: true
Queue Insert, pisid_mazemov, {Hora:"2023-04-09 20:18:37.095057", SalaEntrada:3, SalaSaida:2},
Mongo Insert,, Time: 2023-04-09 20:18:37.095057 ,  EntranceRoom: 3, ExitRoom: 2, isValid: true
Queue Insert, pisid_mazemov, {Hora:"2023-04-09 20:18:37.594721", SalaEntrada:2, SalaSaida:5},
Mongo Insert,, Time: 2023-04-09 20:18:37.594721 ,  EntranceRoom: 2, ExitRoom: 5, isValid: true
Queue Insert, pisid_mazemov, {Hora:"2023-04-09 20:18:39.095706", SalaEntrada:5, SalaSaida:7},
Mongo Insert,, Time: 2023-04-09 20:18:39.095706 ,  EntranceRoom: 5, ExitRoom: 7, isValid: true
Queue Insert, pisid_mazemov, {Hora:"2023-04-09 20:18:40.095033", SalaEntrada:1, SalaSaida:2},
Queue Insert, pisid_mazemov, {Hora:"2023-04-09 20:18:40.096030", SalaEntrada:1, SalaSaida:3},
Mongo Insert,, Time: 2023-04-09 20:18:40.095033 ,  EntranceRoom: 1, ExitRoom: 2, isValid: true
Mongo Insert,, Time: 2023-04-09 20:18:40.09603 ,  EntranceRoom: 1, ExitRoom: 3, isValid: true
Queue Insert, pisid_mazemov, {Hora:"2023-04-09 20:18:43.097003", SalaEntrada:3, SalaSaida:2},
Mongo Insert,, Time: 2023-04-09 20:18:43.097003 ,  EntranceRoom: 3, ExitRoom: 2, isValid: true
Queue Insert, pisid_mazemov, {Hora:"2023-04-09 20:18:44.094336", SalaEntrada:2, SalaSaida:5},
Mongo Insert,, Time: 2023-04-09 20:18:44.094336 ,  EntranceRoom: 2, ExitRoom: 5, isValid: true
Queue Insert, pisid_mazemov, {Hora:"2023-04-09 20:18:46.096979", SalaEntrada:1, SalaSaida:2},
Mongo Insert,, Time: 2023-04-09 20:18:46.096979 ,  EntranceRoom: 1, ExitRoom: 2, isValid: true
Queue Insert, pisid_mazemov, {Hora:"2023-04-09 20:18:46.097977", SalaEntrada:1, SalaSaida:2},
Mongo Insert,, Time: 2023-04-09 20:18:46.097977 ,  EntranceRoom: 1, ExitRoom: 2, isValid: true
Queue Insert, pisid_mazemov, {Hora:"2023-04-09 20:18:46.596643", SalaEntrada:7, SalaSaida:5},
Mongo Insert,, Time: 2023-04-09 20:18:46.596643 ,  EntranceRoom: 7, ExitRoom: 5, isValid: true
Queue Insert, pisid_mazemov, {Hora:"2023-04-09 20:18:47.096306", SalaEntrada:2, SalaSaida:4},
Mongo Insert,, Time: 2023-04-09 20:18:47.096306 ,  EntranceRoom: 2, ExitRoom: 4, isValid: true
Queue Insert, pisid_mazemov, {Hora:"2023-04-09 20:18:48.097628", SalaEntrada:5, SalaSaida:7},
Mongo Insert,, Time: 2023-04-09 20:18:48.097628 ,  EntranceRoom: 5, ExitRoom: 7, isValid: true
Queue Insert, pisid_mazemov, {Hora:"2023-04-09 20:18:49.098950", SalaEntrada:1, SalaSaida:2},
Mongo Insert,, Time: 2023-04-09 20:18:49.09895 ,  EntranceRoom: 1, ExitRoom: 2, isValid: true
Queue Insert, pisid_mazemov, {Hora:"2023-04-09 20:18:50.096282", SalaEntrada:2, SalaSaida:4},
Mongo Insert,, Time: 2023-04-09 20:18:50.096282 ,  EntranceRoom: 2, ExitRoom: 4, isValid: true
Queue Insert, pisid_mazemov, {Hora:"2023-04-09 20:18:50.599935", SalaEntrada:1, SalaSaida:3},
Mongo Insert,, Time: 2023-04-09 20:18:50.599935 ,  EntranceRoom: 1, ExitRoom: 3, isValid: true
Queue Insert, pisid_mazemov, {Hora:"2023-04-09 20:18:51.098601", SalaEntrada:2, SalaSaida:4},
Mongo Insert,, Time: 2023-04-09 20:18:51.098601 ,  EntranceRoom: 2, ExitRoom: 4, isValid: true
Queue Insert, pisid_mazemov, {Hora:"2023-04-09 20:18:52.100920", SalaEntrada:3, SalaSaida:2},
Mongo Insert,, Time: 2023-04-09 20:18:52.10092 ,  EntranceRoom: 3, ExitRoom: 2, isValid: true
Queue Insert, pisid_mazemov, {Hora:"2023-04-09 20:18:53.098252", SalaEntrada:2, SalaSaida:4},
Mongo Insert,, Time: 2023-04-09 20:18:53.098252 ,  EntranceRoom: 2, ExitRoom: 4, isValid: true
Queue Insert, pisid_mazemov, {Hora:"2023-04-09 20:18:53.600908", SalaEntrada:1, SalaSaida:3},
Mongo Insert,, Time: 2023-04-09 20:18:53.600908 ,  EntranceRoom: 1, ExitRoom: 3, isValid: true
Queue Insert, pisid_mazemov, {Hora:"2023-04-09 20:18:55.099898", SalaEntrada:4, SalaSaida:5},
Mongo Insert,, Time: 2023-04-09 20:18:55.099898 ,  EntranceRoom: 4, ExitRoom: 5, isValid: true
Queue Insert, pisid_mazemov, {Hora:"2023-04-09 20:18:55.101893", SalaEntrada:3, SalaSaida:2},
Mongo Insert,, Time: 2023-04-09 20:18:55.101893 ,  EntranceRoom: 3, ExitRoom: 2, isValid: true
Queue Insert, pisid_mazemov, {Hora:"2023-04-09 20:18:55.598564", SalaEntrada:7, SalaSaida:5},
Queue Insert, pisid_mazemov, {Hora:"2023-04-09 20:18:55.599562", SalaEntrada:2, SalaSaida:5},
Mongo Insert,, Time: 2023-04-09 20:18:55.598564 ,  EntranceRoom: 7, ExitRoom: 5, isValid: true
Mongo Insert,, Time: 2023-04-09 20:18:55.599562 ,  EntranceRoom: 2, ExitRoom: 5, isValid: true
Queue Insert, pisid_mazemov, {Hora:"2023-04-09 20:18:56.098228", SalaEntrada:2, SalaSaida:4},
Mongo Insert,, Time: 2023-04-09 20:18:56.098228 ,  EntranceRoom: 2, ExitRoom: 4, isValid: true
Queue Insert, pisid_mazemov, {Hora:"2023-04-09 20:18:56.600884", SalaEntrada:5, SalaSaida:7},
Mongo Insert,, Time: 2023-04-09 20:18:56.600884 ,  EntranceRoom: 5, ExitRoom: 7, isValid: true
Queue Insert, pisid_mazemov, {Hora:"2023-04-09 20:18:57.099550", SalaEntrada:5, SalaSaida:7},
Queue Insert, pisid_mazemov, {Hora:"2023-04-09 20:18:57.100547", SalaEntrada:5, SalaSaida:7},
Mongo Insert,, Time: 2023-04-09 20:18:57.09955 ,  EntranceRoom: 5, ExitRoom: 7, isValid: true
Mongo Insert,, Time: 2023-04-09 20:18:57.100547 ,  EntranceRoom: 5, ExitRoom: 7, isValid: true
Queue Insert, pisid_mazemov, {Hora:"2023-04-09 20:18:58.101869", SalaEntrada:1, SalaSaida:3},
Mongo Insert,, Time: 2023-04-09 20:18:58.101869 ,  EntranceRoom: 1, ExitRoom: 3, isValid: true
Queue Insert, pisid_mazemov, {Hora:"2023-04-09 20:18:58.601532", SalaEntrada:2, SalaSaida:5},
Mongo Insert,, Time: 2023-04-09 20:18:58.601532 ,  EntranceRoom: 2, ExitRoom: 5, isValid: true
Queue Insert, pisid_mazemov, {Hora:"2023-04-09 20:19:00.102517", SalaEntrada:2, SalaSaida:4},
Mongo Insert,, Time: 2023-04-09 20:19:00.102517 ,  EntranceRoom: 2, ExitRoom: 4, isValid: true
Queue Insert, pisid_mazemov, {Hora:"2023-04-09 20:19:01.102842", SalaEntrada:1, SalaSaida:2},
Queue Insert, pisid_mazemov, {Hora:"2023-04-09 20:19:01.102842", SalaEntrada:3, SalaSaida:2},
Mongo Insert,, Time: 2023-04-09 20:19:01.102842 ,  EntranceRoom: 1, ExitRoom: 2, isValid: true
Mongo Insert,, Time: 2023-04-09 20:19:01.102842 ,  EntranceRoom: 3, ExitRoom: 2, isValid: true
Queue Insert, pisid_mazemov, {Hora:"2023-04-09 20:19:03.602157", SalaEntrada:5, SalaSaida:6},
Mongo Insert,, Time: 2023-04-09 20:19:03.602157 ,  EntranceRoom: 5, ExitRoom: 6, isValid: true
Queue Insert, pisid_mazemov, {Hora:"2023-04-09 20:19:04.101820", SalaEntrada:7, SalaSaida:5},
Mongo Insert,, Time: 2023-04-09 20:19:04.10182 ,  EntranceRoom: 7, ExitRoom: 5, isValid: true
Queue Insert, pisid_mazemov, {Hora:"2023-04-09 20:19:04.103321", SalaEntrada:1, SalaSaida:3},
Queue Insert, pisid_mazemov, {Hora:"2023-04-09 20:19:04.103321", SalaEntrada:4, SalaSaida:5},
Mongo Insert,, Time: 2023-04-09 20:19:04.103321 ,  EntranceRoom: 1, ExitRoom: 3, isValid: true
Mongo Insert,, Time: 2023-04-09 20:19:04.103321 ,  EntranceRoom: 4, ExitRoom: 5, isValid: true
Queue Insert, pisid_mazemov, {Hora:"2023-04-09 20:19:04.599993", SalaEntrada:7, SalaSaida:5},
Queue Insert, pisid_mazemov, {Hora:"2023-04-09 20:19:04.600991", SalaEntrada:7, SalaSaida:5},
Mongo Insert,, Time: 2023-04-09 20:19:04.599993 ,  EntranceRoom: 7, ExitRoom: 5, isValid: true
Mongo Insert,, Time: 2023-04-09 20:19:04.600991 ,  EntranceRoom: 7, ExitRoom: 5, isValid: true
Queue Insert, pisid_mazemov, {Hora:"2023-04-09 20:19:05.604307", SalaEntrada:5, SalaSaida:7},
Mongo Insert,, Time: 2023-04-09 20:19:05.604307 ,  EntranceRoom: 5, ExitRoom: 7, isValid: true
Queue Insert, pisid_mazemov, {Hora:"2023-04-09 20:19:06.104968", SalaEntrada:2, SalaSaida:4},
Mongo Insert,, Time: 2023-04-09 20:19:06.104968 ,  EntranceRoom: 2, ExitRoom: 4, isValid: true
Queue Insert, pisid_mazemov, {Hora:"2023-04-09 20:19:07.103297", SalaEntrada:6, SalaSaida:8},
Queue Insert, pisid_mazemov, {Hora:"2023-04-09 20:19:07.104295", SalaEntrada:3, SalaSaida:2},
Mongo Insert,, Time: 2023-04-09 20:19:07.103297 ,  EntranceRoom: 6, ExitRoom: 8, isValid: true
Mongo Insert,, Time: 2023-04-09 20:19:07.104295 ,  EntranceRoom: 3, ExitRoom: 2, isValid: true
Queue Insert, pisid_mazemov, {Hora:"2023-04-09 20:19:08.604283", SalaEntrada:8, SalaSaida:9},
Queue Insert, pisid_mazemov, {Hora:"2023-04-09 20:19:08.604283", SalaEntrada:1, SalaSaida:3},
Mongo Insert,, Time: 2023-04-09 20:19:08.604283 ,  EntranceRoom: 8, ExitRoom: 9, isValid: true
Mongo Insert,, Time: 2023-04-09 20:19:08.604283 ,  EntranceRoom: 1, ExitRoom: 3, isValid: true
Queue Insert, pisid_mazemov, {Hora:"2023-04-09 20:19:09.102949", SalaEntrada:5, SalaSaida:3},
Mongo Insert,, Time: 2023-04-09 20:19:09.102949 ,  EntranceRoom: 5, ExitRoom: 3, isValid: true
Queue Insert, pisid_mazemov, {Hora:"2023-04-09 20:19:09.600618", SalaEntrada:5, SalaSaida:3},
Queue Insert, pisid_mazemov, {Hora:"2023-04-09 20:19:09.601615", SalaEntrada:5, SalaSaida:3},
Mongo Insert,, Time: 2023-04-09 20:19:09.600618 ,  EntranceRoom: 5, ExitRoom: 3, isValid: true
Mongo Insert,, Time: 2023-04-09 20:19:09.601615 ,  EntranceRoom: 5, ExitRoom: 3, isValid: true
Queue Insert, pisid_mazemov, {Hora:"2023-04-09 20:19:10.106265", SalaEntrada:4, SalaSaida:5},
Mongo Insert,, Time: 2023-04-09 20:19:10.106265 ,  EntranceRoom: 4, ExitRoom: 5, isValid: true
Queue Insert, pisid_mazemov, {Hora:"2023-04-09 20:19:10.603934", SalaEntrada:3, SalaSaida:2},
Mongo Insert,, Time: 2023-04-09 20:19:10.603934 ,  EntranceRoom: 3, ExitRoom: 2, isValid: true
Queue Insert, pisid_mazemov, {Hora:"2023-04-09 20:19:11.101603", SalaEntrada:3, SalaSaida:2},
Mongo Insert,, Time: 2023-04-09 20:19:11.101603 ,  EntranceRoom: 3, ExitRoom: 2, isValid: true
Queue Insert, pisid_mazemov, {Hora:"2023-04-09 20:19:11.102600", SalaEntrada:3, SalaSaida:2},
Mongo Insert,, Time: 2023-04-09 20:19:11.1026 ,  EntranceRoom: 3, ExitRoom: 2, isValid: true
Queue Insert, pisid_mazemov, {Hora:"2023-04-09 20:19:11.607250", SalaEntrada:5, SalaSaida:7},
Mongo Insert,, Time: 2023-04-09 20:19:11.60725 ,  EntranceRoom: 5, ExitRoom: 7, isValid: true
Queue Insert, pisid_mazemov, {Hora:"2023-04-09 20:19:13.105244", SalaEntrada:3, SalaSaida:2},
Mongo Insert,, Time: 2023-04-09 20:19:13.105244 ,  EntranceRoom: 3, ExitRoom: 2, isValid: true
Queue Insert, pisid_mazemov, {Hora:"2023-04-09 20:19:13.105244", SalaEntrada:7, SalaSaida:5},
Queue Insert, pisid_mazemov, {Hora:"2023-04-09 20:19:13.105244", SalaEntrada:1, SalaSaida:2},
Queue Insert, pisid_mazemov, {Hora:"2023-04-09 20:19:13.106241", SalaEntrada:1, SalaSaida:3},
Mongo Insert,, Time: 2023-04-09 20:19:13.105244 ,  EntranceRoom: 7, ExitRoom: 5, isValid: true
Mongo Insert,, Time: 2023-04-09 20:19:13.105244 ,  EntranceRoom: 1, ExitRoom: 2, isValid: true
Mongo Insert,, Time: 2023-04-09 20:19:13.106241 ,  EntranceRoom: 1, ExitRoom: 3, isValid: true
Queue Insert, pisid_mazemov, {Hora:"2023-04-09 20:19:14.103573", SalaEntrada:2, SalaSaida:5},
Mongo Insert,, Time: 2023-04-09 20:19:14.103573 ,  EntranceRoom: 2, ExitRoom: 5, isValid: true
Queue Insert, pisid_mazemov, {Hora:"2023-04-09 20:19:14.606229", SalaEntrada:9, SalaSaida:7},
Mongo Insert,, Time: 2023-04-09 20:19:14.606229 ,  EntranceRoom: 9, ExitRoom: 7, isValid: true
Queue Insert, pisid_mazemov, {Hora:"2023-04-09 20:19:15.604559", SalaEntrada:2, SalaSaida:4},
Mongo Insert,, Time: 2023-04-09 20:19:15.604559 ,  EntranceRoom: 2, ExitRoom: 4, isValid: true
Queue Insert, pisid_mazemov, {Hora:"2023-04-09 20:19:16.107214", SalaEntrada:3, SalaSaida:2},
Mongo Insert,, Time: 2023-04-09 20:19:16.107214 ,  EntranceRoom: 3, ExitRoom: 2, isValid: true
Queue Insert, pisid_mazemov, {Hora:"2023-04-09 20:19:17.105544", SalaEntrada:2, SalaSaida:4},
Mongo Insert,, Time: 2023-04-09 20:19:17.105544 ,  EntranceRoom: 2, ExitRoom: 4, isValid: true
Queue Insert, pisid_mazemov, {Hora:"2023-04-09 20:19:17.602215", SalaEntrada:2, SalaSaida:5},
Mongo Insert,, Time: 2023-04-09 20:19:17.602215 ,  EntranceRoom: 2, ExitRoom: 5, isValid: true
Queue Insert, pisid_mazemov, {Hora:"2023-04-09 20:19:17.603213", SalaEntrada:2, SalaSaida:5},
Mongo Insert,, Time: 2023-04-09 20:19:17.603213 ,  EntranceRoom: 2, ExitRoom: 5, isValid: true
Queue Insert, pisid_mazemov, {Hora:"2023-04-09 20:19:18.106866", SalaEntrada:5, SalaSaida:3},
Mongo Insert,, Time: 2023-04-09 20:19:18.106866 ,  EntranceRoom: 5, ExitRoom: 3, isValid: true
Queue Insert, pisid_mazemov, {Hora:"2023-04-09 20:19:19.107190", SalaEntrada:1, SalaSaida:2},
Mongo Insert,, Time: 2023-04-09 20:19:19.10719 ,  EntranceRoom: 1, ExitRoom: 2, isValid: true
Queue Insert, pisid_mazemov, {Hora:"2023-04-09 20:19:19.108187", SalaEntrada:7, SalaSaida:5},
Mongo Insert,, Time: 2023-04-09 20:19:19.108187 ,  EntranceRoom: 7, ExitRoom: 5, isValid: true
Queue Insert, pisid_mazemov, {Hora:"2023-04-09 20:19:19.604859", SalaEntrada:4, SalaSaida:5},
Mongo Insert,, Time: 2023-04-09 20:19:19.604859 ,  EntranceRoom: 4, ExitRoom: 5, isValid: true
Queue Insert, pisid_mazemov, {Hora:"2023-04-09 20:19:19.607851", SalaEntrada:3, SalaSaida:2},
Mongo Insert,, Time: 2023-04-09 20:19:19.607851 ,  EntranceRoom: 3, ExitRoom: 2, isValid: true
Queue Insert, pisid_mazemov, {Hora:"2023-04-09 20:19:20.609172", SalaEntrada:5, SalaSaida:7},
Mongo Insert,, Time: 2023-04-09 20:19:20.609172 ,  EntranceRoom: 5, ExitRoom: 7, isValid: true
Queue Insert, pisid_mazemov, {Hora:"2023-04-09 20:19:22.107166", SalaEntrada:7, SalaSaida:5},
Queue Insert, pisid_mazemov, {Hora:"2023-04-09 20:19:22.108163", SalaEntrada:1, SalaSaida:2},
Queue Insert, pisid_mazemov, {Hora:"2023-04-09 20:19:22.109160", SalaEntrada:1, SalaSaida:3},
Mongo Insert,, Time: 2023-04-09 20:19:22.107166 ,  EntranceRoom: 7, ExitRoom: 5, isValid: true
Mongo Insert,, Time: 2023-04-09 20:19:22.108163 ,  EntranceRoom: 1, ExitRoom: 2, isValid: true
Mongo Insert,, Time: 2023-04-09 20:19:22.10916 ,  EntranceRoom: 1, ExitRoom: 3, isValid: true
Queue Insert, pisid_mazemov, {Hora:"2023-04-09 20:19:22.602840", SalaEntrada:5, SalaSaida:6},
Queue Insert, pisid_mazemov, {Hora:"2023-04-09 20:19:22.603837", SalaEntrada:5, SalaSaida:3},
Mongo Insert,, Time: 2023-04-09 20:19:22.60284 ,  EntranceRoom: 5, ExitRoom: 6, isValid: true
Mongo Insert,, Time: 2023-04-09 20:19:22.603837 ,  EntranceRoom: 5, ExitRoom: 3, isValid: true
Queue Insert, pisid_mazemov, {Hora:"2023-04-09 20:19:23.106493", SalaEntrada:2, SalaSaida:4},
Mongo Insert,, Time: 2023-04-09 20:19:23.106493 ,  EntranceRoom: 2, ExitRoom: 4, isValid: true
Queue Insert, pisid_mazemov, {Hora:"2023-04-09 20:19:24.104822", SalaEntrada:3, SalaSaida:2},
Mongo Insert,, Time: 2023-04-09 20:19:24.104822 ,  EntranceRoom: 3, ExitRoom: 2, isValid: true
Queue Insert, pisid_mazemov, {Hora:"2023-04-09 20:19:24.605483", SalaEntrada:5, SalaSaida:6},
Mongo Insert,, Time: 2023-04-09 20:19:24.605483 ,  EntranceRoom: 5, ExitRoom: 6, isValid: true
Queue Insert, pisid_mazemov, {Hora:"2023-04-09 20:19:25.110133", SalaEntrada:3, SalaSaida:2},
Mongo Insert,, Time: 2023-04-09 20:19:25.110133 ,  EntranceRoom: 3, ExitRoom: 2, isValid: true
Queue Insert, pisid_mazemov, {Hora:"2023-04-09 20:19:26.103476", SalaEntrada:6, SalaSaida:8},
Queue Insert, pisid_mazemov, {Hora:"2023-04-09 20:19:26.108463", SalaEntrada:2, SalaSaida:4},
Queue Insert, pisid_mazemov, {Hora:"2023-04-09 20:19:26.108463", SalaEntrada:2, SalaSaida:5},
Mongo Insert,, Time: 2023-04-09 20:19:26.103476 ,  EntranceRoom: 6, ExitRoom: 8, isValid: true
Mongo Insert,, Time: 2023-04-09 20:19:26.108463 ,  EntranceRoom: 2, ExitRoom: 4, isValid: true
Mongo Insert,, Time: 2023-04-09 20:19:26.108463 ,  EntranceRoom: 2, ExitRoom: 5, isValid: true
Queue Insert, pisid_mazemov, {Hora:"2023-04-09 20:19:26.610121", SalaEntrada:1, SalaSaida:3},
Mongo Insert,, Time: 2023-04-09 20:19:26.610121 ,  EntranceRoom: 1, ExitRoom: 3, isValid: true
Queue Insert, pisid_mazemov, {Hora:"2023-04-09 20:19:27.107790", SalaEntrada:5, SalaSaida:3},
Mongo Insert,, Time: 2023-04-09 20:19:27.10779 ,  EntranceRoom: 5, ExitRoom: 3, isValid: true
Queue Insert, pisid_mazemov, {Hora:"2023-04-09 20:19:27.604462", SalaEntrada:8, SalaSaida:9},
Mongo Insert,, Time: 2023-04-09 20:19:27.604462 ,  EntranceRoom: 8, ExitRoom: 9, isValid: true
Queue Insert, pisid_mazemov, {Hora:"2023-04-09 20:19:28.106120", SalaEntrada:6, SalaSaida:8},
Mongo Insert,, Time: 2023-04-09 20:19:28.10612 ,  EntranceRoom: 6, ExitRoom: 8, isValid: true
Queue Insert, pisid_mazemov, {Hora:"2023-04-09 20:19:28.107117", SalaEntrada:2, SalaSaida:4},
Queue Insert, pisid_mazemov, {Hora:"2023-04-09 20:19:28.110109", SalaEntrada:7, SalaSaida:5},
Mongo Insert,, Time: 2023-04-09 20:19:28.107117 ,  EntranceRoom: 2, ExitRoom: 4, isValid: true
Mongo Insert,, Time: 2023-04-09 20:19:28.110109 ,  EntranceRoom: 7, ExitRoom: 5, isValid: true
Queue Insert, pisid_mazemov, {Hora:"2023-04-09 20:19:28.608775", SalaEntrada:3, SalaSaida:2},
Mongo Insert,, Time: 2023-04-09 20:19:28.608775 ,  EntranceRoom: 3, ExitRoom: 2, isValid: true
Queue Insert, pisid_mazemov, {Hora:"2023-04-09 20:19:29.105447", SalaEntrada:2, SalaSaida:4},
Mongo Insert,, Time: 2023-04-09 20:19:29.105447 ,  EntranceRoom: 2, ExitRoom: 4, isValid: true
Queue Insert, pisid_mazemov, {Hora:"2023-04-09 20:19:31.109088", SalaEntrada:5, SalaSaida:6},
Queue Insert, pisid_mazemov, {Hora:"2023-04-09 20:19:31.110591", SalaEntrada:3, SalaSaida:2},
Queue Insert, pisid_mazemov, {Hora:"2023-04-09 20:19:31.111587", SalaEntrada:1, SalaSaida:2},
Mongo Insert,, Time: 2023-04-09 20:19:31.109088 ,  EntranceRoom: 5, ExitRoom: 6, isValid: true
Mongo Insert,, Time: 2023-04-09 20:19:31.110591 ,  EntranceRoom: 3, ExitRoom: 2, isValid: true
Mongo Insert,, Time: 2023-04-09 20:19:31.111587 ,  EntranceRoom: 1, ExitRoom: 2, isValid: true
Queue Insert, pisid_mazemov, {Hora:"2023-04-09 20:19:33.106251", SalaEntrada:4, SalaSaida:5},
Mongo Insert,, Time: 2023-04-09 20:19:33.106251 ,  EntranceRoom: 4, ExitRoom: 5, isValid: true
Queue Insert, pisid_mazemov, {Hora:"2023-04-09 20:19:33.111238", SalaEntrada:5, SalaSaida:6},
Mongo Insert,, Time: 2023-04-09 20:19:33.111238 ,  EntranceRoom: 5, ExitRoom: 6, isValid: true
Queue Insert, pisid_mazemov, {Hora:"2023-04-09 20:19:33.604917", SalaEntrada:9, SalaSaida:7},
Queue Insert, pisid_mazemov, {Hora:"2023-04-09 20:19:33.609904", SalaEntrada:2, SalaSaida:4},
Mongo Insert,, Time: 2023-04-09 20:19:33.604917 ,  EntranceRoom: 9, ExitRoom: 7, isValid: true
Mongo Insert,, Time: 2023-04-09 20:19:33.609904 ,  EntranceRoom: 2, ExitRoom: 4, isValid: true
Queue Insert, pisid_mazemov, {Hora:"2023-04-09 20:19:34.110565", SalaEntrada:1, SalaSaida:2},
Mongo Insert,, Time: 2023-04-09 20:19:34.110565 ,  EntranceRoom: 1, ExitRoom: 2, isValid: true
Queue Insert, pisid_mazemov, {Hora:"2023-04-09 20:19:34.609736", SalaEntrada:6, SalaSaida:8},
Mongo Insert,, Time: 2023-04-09 20:19:34.609736 ,  EntranceRoom: 6, ExitRoom: 8, isValid: true
Queue Insert, pisid_mazemov, {Hora:"2023-04-09 20:19:35.109399", SalaEntrada:2, SalaSaida:5},
Queue Insert, pisid_mazemov, {Hora:"2023-04-09 20:19:35.110900", SalaEntrada:2, SalaSaida:4},
Mongo Insert,, Time: 2023-04-09 20:19:35.109399 ,  EntranceRoom: 2, ExitRoom: 5, isValid: true
Mongo Insert,, Time: 2023-04-09 20:19:35.1109 ,  EntranceRoom: 2, ExitRoom: 4, isValid: true
Queue Insert, pisid_mazemov, {Hora:"2023-04-09 20:19:35.606575", SalaEntrada:8, SalaSaida:10},
Mongo Insert,, Time: 2023-04-09 20:19:35.606575 ,  EntranceRoom: 8, ExitRoom: 10, isValid: true
Queue Insert, pisid_mazemov, {Hora:"2023-04-09 20:19:36.110228", SalaEntrada:8, SalaSaida:9},
Mongo Insert,, Time: 2023-04-09 20:19:36.110228 ,  EntranceRoom: 8, ExitRoom: 9, isValid: true
Queue Insert, pisid_mazemov, {Hora:"2023-04-09 20:19:36.611886", SalaEntrada:6, SalaSaida:8},
Mongo Insert,, Time: 2023-04-09 20:19:36.611886 ,  EntranceRoom: 6, ExitRoom: 8, isValid: true
Queue Insert, pisid_mazemov, {Hora:"2023-04-09 20:19:37.112547", SalaEntrada:1, SalaSaida:2},
Mongo Insert,, Time: 2023-04-09 20:19:37.112547 ,  EntranceRoom: 1, ExitRoom: 2, isValid: true
Queue Insert, pisid_mazemov, {Hora:"2023-04-09 20:19:37.610216", SalaEntrada:4, SalaSaida:5},
Queue Insert, pisid_mazemov, {Hora:"2023-04-09 20:19:37.612210", SalaEntrada:2, SalaSaida:5},
Mongo Insert,, Time: 2023-04-09 20:19:37.610216 ,  EntranceRoom: 4, ExitRoom: 5, isValid: true
Mongo Insert,, Time: 2023-04-09 20:19:37.61221 ,  EntranceRoom: 2, ExitRoom: 5, isValid: true
Queue Insert, pisid_mazemov, {Hora:"2023-04-09 20:19:38.106887", SalaEntrada:5, SalaSaida:6},
Mongo Insert,, Time: 2023-04-09 20:19:38.106887 ,  EntranceRoom: 5, ExitRoom: 6, isValid: true
Queue Insert, pisid_mazemov, {Hora:"2023-04-09 20:19:38.109879", SalaEntrada:5, SalaSaida:7},
Mongo Insert,, Time: 2023-04-09 20:19:38.109879 ,  EntranceRoom: 5, ExitRoom: 7, isValid: true
Queue Insert, pisid_mazemov, {Hora:"2023-04-09 20:19:39.113195", SalaEntrada:5, SalaSaida:7},
Mongo Insert,, Time: 2023-04-09 20:19:39.113195 ,  EntranceRoom: 5, ExitRoom: 7, isValid: true
Queue Insert, pisid_mazemov, {Hora:"2023-04-09 20:19:40.107536", SalaEntrada:4, SalaSaida:5},
Queue Insert, pisid_mazemov, {Hora:"2023-04-09 20:19:40.112522", SalaEntrada:1, SalaSaida:2},
Mongo Insert,, Time: 2023-04-09 20:19:40.107536 ,  EntranceRoom: 4, ExitRoom: 5, isValid: true
Mongo Insert,, Time: 2023-04-09 20:19:40.112522 ,  EntranceRoom: 1, ExitRoom: 2, isValid: true
Queue Insert, pisid_mazemov, {Hora:"2023-04-09 20:19:41.105866", SalaEntrada:7, SalaSaida:5},
Mongo Insert,, Time: 2023-04-09 20:19:41.105866 ,  EntranceRoom: 7, ExitRoom: 5, isValid: true
Queue Insert, pisid_mazemov, {Hora:"2023-04-09 20:19:41.607524", SalaEntrada:6, SalaSaida:8},
Mongo Insert,, Time: 2023-04-09 20:19:41.607524 ,  EntranceRoom: 6, ExitRoom: 8, isValid: true
Queue Insert, pisid_mazemov, {Hora:"2023-04-09 20:19:42.111177", SalaEntrada:9, SalaSaida:7},
Mongo Insert,, Time: 2023-04-09 20:19:42.111177 ,  EntranceRoom: 9, ExitRoom: 7, isValid: true
Queue Insert, pisid_mazemov, {Hora:"2023-04-09 20:19:42.606851", SalaEntrada:5, SalaSaida:7},
Queue Insert, pisid_mazemov, {Hora:"2023-04-09 20:19:42.610840", SalaEntrada:5, SalaSaida:3},
Mongo Insert,, Time: 2023-04-09 20:19:42.606851 ,  EntranceRoom: 5, ExitRoom: 7, isValid: true
Mongo Insert,, Time: 2023-04-09 20:19:42.61084 ,  EntranceRoom: 5, ExitRoom: 3, isValid: true
Queue Insert, pisid_mazemov, {Hora:"2023-04-09 20:19:43.113496", SalaEntrada:1, SalaSaida:2},
Mongo Insert,, Time: 2023-04-09 20:19:43.113496 ,  EntranceRoom: 1, ExitRoom: 2, isValid: true
Queue Insert, pisid_mazemov, {Hora:"2023-04-09 20:19:44.111825", SalaEntrada:3, SalaSaida:2},
Mongo Insert,, Time: 2023-04-09 20:19:44.111825 ,  EntranceRoom: 3, ExitRoom: 2, isValid: true
Queue Insert, pisid_mazemov, {Hora:"2023-04-09 20:19:44.112823", SalaEntrada:8, SalaSaida:10},
Mongo Insert,, Time: 2023-04-09 20:19:44.112823 ,  EntranceRoom: 8, ExitRoom: 10, isValid: true
Queue Insert, pisid_mazemov, {Hora:"2023-04-09 20:19:46.114469", SalaEntrada:1, SalaSaida:2},
Queue Insert, pisid_mazemov, {Hora:"2023-04-09 20:19:46.115466", SalaEntrada:1, SalaSaida:3},
Mongo Insert,, Time: 2023-04-09 20:19:46.114469 ,  EntranceRoom: 1, ExitRoom: 2, isValid: true
Mongo Insert,, Time: 2023-04-09 20:19:46.115466 ,  EntranceRoom: 1, ExitRoom: 3, isValid: true
Queue Insert, pisid_mazemov, {Hora:"2023-04-09 20:19:46.614132", SalaEntrada:7, SalaSaida:5},
Mongo Insert,, Time: 2023-04-09 20:19:46.614132 ,  EntranceRoom: 7, ExitRoom: 5, isValid: true
Queue Insert, pisid_mazemov, {Hora:"2023-04-09 20:19:47.113796", SalaEntrada:2, SalaSaida:4},
Mongo Insert,, Time: 2023-04-09 20:19:47.113796 ,  EntranceRoom: 2, ExitRoom: 4, isValid: true
Queue Insert, pisid_mazemov, {Hora:"2023-04-09 20:19:49.108460", SalaEntrada:8, SalaSaida:10},
Queue Insert, pisid_mazemov, {Hora:"2023-04-09 20:19:49.116439", SalaEntrada:1, SalaSaida:3},
Queue Insert, pisid_mazemov, {Hora:"2023-04-09 20:19:49.116439", SalaEntrada:3, SalaSaida:2},
Mongo Insert,, Time: 2023-04-09 20:19:49.10846 ,  EntranceRoom: 8, ExitRoom: 10, isValid: true
Mongo Insert,, Time: 2023-04-09 20:19:49.116439 ,  EntranceRoom: 1, ExitRoom: 3, isValid: true
Mongo Insert,, Time: 2023-04-09 20:19:49.116439 ,  EntranceRoom: 3, ExitRoom: 2, isValid: true
Queue Insert, pisid_mazemov, {Hora:"2023-04-09 20:19:49.612113", SalaEntrada:7, SalaSaida:5},
Mongo Insert,, Time: 2023-04-09 20:19:49.612113 ,  EntranceRoom: 7, ExitRoom: 5, isValid: true
Queue Insert, pisid_mazemov, {Hora:"2023-04-09 20:19:50.107788", SalaEntrada:7, SalaSaida:5},
Mongo Insert,, Time: 2023-04-09 20:19:50.107788 ,  EntranceRoom: 7, ExitRoom: 5, isValid: true
Queue Insert, pisid_mazemov, {Hora:"2023-04-09 20:19:50.611440", SalaEntrada:2, SalaSaida:5},
Mongo Insert,, Time: 2023-04-09 20:19:50.61144 ,  EntranceRoom: 2, ExitRoom: 5, isValid: true
Queue Insert, pisid_mazemov, {Hora:"2023-04-09 20:19:50.612438", SalaEntrada:2, SalaSaida:5},
Mongo Insert,, Time: 2023-04-09 20:19:50.612438 ,  EntranceRoom: 2, ExitRoom: 5, isValid: true
Queue Insert, pisid_mazemov, {Hora:"2023-04-09 20:19:51.113098", SalaEntrada:5, SalaSaida:7},
Mongo Insert,, Time: 2023-04-09 20:19:51.113098 ,  EntranceRoom: 5, ExitRoom: 7, isValid: true
Queue Insert, pisid_mazemov, {Hora:"2023-04-09 20:19:51.614757", SalaEntrada:5, SalaSaida:6},
Mongo Insert,, Time: 2023-04-09 20:19:51.614757 ,  EntranceRoom: 5, ExitRoom: 6, isValid: true
Queue Insert, pisid_mazemov, {Hora:"2023-04-09 20:19:52.117412", SalaEntrada:3, SalaSaida:2},
Mongo Insert,, Time: 2023-04-09 20:19:52.117412 ,  EntranceRoom: 3, ExitRoom: 2, isValid: true
Queue Insert, pisid_mazemov, {Hora:"2023-04-09 20:19:53.110755", SalaEntrada:7, SalaSaida:5},
Queue Insert, pisid_mazemov, {Hora:"2023-04-09 20:19:53.113747", SalaEntrada:2, SalaSaida:5},
Mongo Insert,, Time: 2023-04-09 20:19:53.110755 ,  EntranceRoom: 7, ExitRoom: 5, isValid: true
Mongo Insert,, Time: 2023-04-09 20:19:53.113747 ,  EntranceRoom: 2, ExitRoom: 5, isValid: true
Queue Insert, pisid_mazemov, {Hora:"2023-04-09 20:19:53.611416", SalaEntrada:2, SalaSaida:5},
Mongo Insert,, Time: 2023-04-09 20:19:53.611416 ,  EntranceRoom: 2, ExitRoom: 5, isValid: true
Queue Insert, pisid_mazemov, {Hora:"2023-04-09 20:19:55.108412", SalaEntrada:5, SalaSaida:3},
Mongo Insert,, Time: 2023-04-09 20:19:55.108412 ,  EntranceRoom: 5, ExitRoom: 3, isValid: true
Queue Insert, pisid_mazemov, {Hora:"2023-04-09 20:19:55.108412", SalaEntrada:5, SalaSaida:6},
Queue Insert, pisid_mazemov, {Hora:"2023-04-09 20:19:55.115393", SalaEntrada:6, SalaSaida:8},
Queue Insert, pisid_mazemov, {Hora:"2023-04-09 20:19:55.116897", SalaEntrada:1, SalaSaida:2},
Queue Insert, pisid_mazemov, {Hora:"2023-04-09 20:19:55.117892", SalaEntrada:1, SalaSaida:3},
Mongo Insert,, Time: 2023-04-09 20:19:55.108412 ,  EntranceRoom: 5, ExitRoom: 6, isValid: true
Mongo Insert,, Time: 2023-04-09 20:19:55.115393 ,  EntranceRoom: 6, ExitRoom: 8, isValid: true
Mongo Insert,, Time: 2023-04-09 20:19:55.116897 ,  EntranceRoom: 1, ExitRoom: 2, isValid: true
Mongo Insert,, Time: 2023-04-09 20:19:55.117892 ,  EntranceRoom: 1, ExitRoom: 3, isValid: true
Queue Insert, pisid_mazemov, {Hora:"2023-04-09 20:19:55.613566", SalaEntrada:5, SalaSaida:3},
Mongo Insert,, Time: 2023-04-09 20:19:55.613566 ,  EntranceRoom: 5, ExitRoom: 3, isValid: true
Queue Insert, pisid_mazemov, {Hora:"2023-04-09 20:19:56.114227", SalaEntrada:5, SalaSaida:7},
Queue Insert, pisid_mazemov, {Hora:"2023-04-09 20:19:56.114227", SalaEntrada:2, SalaSaida:5},
Mongo Insert,, Time: 2023-04-09 20:19:56.114227 ,  EntranceRoom: 5, ExitRoom: 7, isValid: true
Mongo Insert,, Time: 2023-04-09 20:19:56.114227 ,  EntranceRoom: 2, ExitRoom: 5, isValid: true
Queue Insert, pisid_mazemov, {Hora:"2023-04-09 20:19:56.615885", SalaEntrada:8, SalaSaida:9},
Mongo Insert,, Time: 2023-04-09 20:19:56.615885 ,  EntranceRoom: 8, ExitRoom: 9, isValid: true
Queue Insert, pisid_mazemov, {Hora:"2023-04-09 20:19:57.114552", SalaEntrada:3, SalaSaida:2},
Mongo Insert,, Time: 2023-04-09 20:19:57.114552 ,  EntranceRoom: 3, ExitRoom: 2, isValid: true
Queue Insert, pisid_mazemov, {Hora:"2023-04-09 20:19:58.111884", SalaEntrada:5, SalaSaida:7},
Mongo Insert,, Time: 2023-04-09 20:19:58.111884 ,  EntranceRoom: 5, ExitRoom: 7, isValid: true
Queue Insert, pisid_mazemov, {Hora:"2023-04-09 20:19:58.118865", SalaEntrada:3, SalaSaida:2},
Mongo Insert,, Time: 2023-04-09 20:19:58.118865 ,  EntranceRoom: 3, ExitRoom: 2, isValid: true
Queue Insert, pisid_mazemov, {Hora:"2023-04-09 20:19:58.609553", SalaEntrada:6, SalaSaida:8},
Queue Insert, pisid_mazemov, {Hora:"2023-04-09 20:19:58.613542", SalaEntrada:7, SalaSaida:5},
Mongo Insert,, Time: 2023-04-09 20:19:58.609553 ,  EntranceRoom: 6, ExitRoom: 8, isValid: true
Mongo Insert,, Time: 2023-04-09 20:19:58.613542 ,  EntranceRoom: 7, ExitRoom: 5, isValid: true
Queue Insert, pisid_mazemov, {Hora:"2023-04-09 20:19:59.115200", SalaEntrada:2, SalaSaida:5},
Queue Insert, pisid_mazemov, {Hora:"2023-04-09 20:19:59.117195", SalaEntrada:2, SalaSaida:4},
Mongo Insert,, Time: 2023-04-09 20:19:59.1152 ,  EntranceRoom: 2, ExitRoom: 5, isValid: true
Mongo Insert,, Time: 2023-04-09 20:19:59.117195 ,  EntranceRoom: 2, ExitRoom: 4, isValid: true
Queue Insert, pisid_mazemov, {Hora:"2023-04-09 20:19:59.609877", SalaEntrada:3, SalaSaida:2},
Mongo Insert,, Time: 2023-04-09 20:19:59.609877 ,  EntranceRoom: 3, ExitRoom: 2, isValid: true
Queue Insert, pisid_mazemov, {Hora:"2023-04-09 20:20:00.110538", SalaEntrada:8, SalaSaida:9},
Mongo Insert,, Time: 2023-04-09 20:20:00.110538 ,  EntranceRoom: 8, ExitRoom: 9, isValid: true
Queue Insert, pisid_mazemov, {Hora:"2023-04-09 20:20:01.118841", SalaEntrada:1, SalaSaida:2},
Queue Insert, pisid_mazemov, {Hora:"2023-04-09 20:20:01.119838", SalaEntrada:1, SalaSaida:2},
Mongo Insert,, Time: 2023-04-09 20:20:01.118841 ,  EntranceRoom: 1, ExitRoom: 2, isValid: true
Mongo Insert,, Time: 2023-04-09 20:20:01.119838 ,  EntranceRoom: 1, ExitRoom: 2, isValid: true
Queue Insert, pisid_mazemov, {Hora:"2023-04-09 20:20:02.118168", SalaEntrada:2, SalaSaida:4},
Mongo Insert,, Time: 2023-04-09 20:20:02.118168 ,  EntranceRoom: 2, ExitRoom: 4, isValid: true
Queue Insert, pisid_mazemov, {Hora:"2023-04-09 20:20:02.616834", SalaEntrada:9, SalaSaida:7},
Mongo Insert,, Time: 2023-04-09 20:20:02.616834 ,  EntranceRoom: 9, ExitRoom: 7, isValid: true
Queue Insert, pisid_mazemov, {Hora:"2023-04-09 20:20:03.111511", SalaEntrada:5, SalaSaida:3},
Mongo Insert,, Time: 2023-04-09 20:20:03.111511 ,  EntranceRoom: 5, ExitRoom: 3, isValid: true
Queue Insert, pisid_mazemov, {Hora:"2023-04-09 20:20:03.614166", SalaEntrada:5, SalaSaida:6},
Queue Insert, pisid_mazemov, {Hora:"2023-04-09 20:20:03.615164", SalaEntrada:2, SalaSaida:5},
Mongo Insert,, Time: 2023-04-09 20:20:03.614166 ,  EntranceRoom: 5, ExitRoom: 6, isValid: true
Mongo Insert,, Time: 2023-04-09 20:20:03.615164 ,  EntranceRoom: 2, ExitRoom: 5, isValid: true
Queue Insert, pisid_mazemov, {Hora:"2023-04-09 20:20:04.120811", SalaEntrada:1, SalaSaida:3},
Mongo Insert,, Time: 2023-04-09 20:20:04.120811 ,  EntranceRoom: 1, ExitRoom: 3, isValid: true
Queue Insert, pisid_mazemov, {Hora:"2023-04-09 20:20:05.117146", SalaEntrada:2, SalaSaida:4},
Mongo Insert,, Time: 2023-04-09 20:20:05.117146 ,  EntranceRoom: 2, ExitRoom: 4, isValid: true
Queue Insert, pisid_mazemov, {Hora:"2023-04-09 20:20:05.611823", SalaEntrada:5, SalaSaida:3},
Mongo Insert,, Time: 2023-04-09 20:20:05.611823 ,  EntranceRoom: 5, ExitRoom: 3, isValid: true
Queue Insert, pisid_mazemov, {Hora:"2023-04-09 20:20:06.111487", SalaEntrada:9, SalaSaida:7},
Mongo Insert,, Time: 2023-04-09 20:20:06.111487 ,  EntranceRoom: 9, ExitRoom: 7, isValid: true
Queue Insert, pisid_mazemov, {Hora:"2023-04-09 20:20:06.112484", SalaEntrada:3, SalaSaida:2},
Queue Insert, pisid_mazemov, {Hora:"2023-04-09 20:20:06.120463", SalaEntrada:2, SalaSaida:4},
Mongo Insert,, Time: 2023-04-09 20:20:06.112484 ,  EntranceRoom: 3, ExitRoom: 2, isValid: true
Mongo Insert,, Time: 2023-04-09 20:20:06.120463 ,  EntranceRoom: 2, ExitRoom: 4, isValid: true
Queue Insert, pisid_mazemov, {Hora:"2023-04-09 20:20:07.114803", SalaEntrada:6, SalaSaida:8},
Queue Insert, pisid_mazemov, {Hora:"2023-04-09 20:20:07.121784", SalaEntrada:3, SalaSaida:2},
Queue Insert, pisid_mazemov, {Hora:"2023-04-09 20:20:07.121784", SalaEntrada:1, SalaSaida:3},
Mongo Insert,, Time: 2023-04-09 20:20:07.114803 ,  EntranceRoom: 6, ExitRoom: 8, isValid: true
Mongo Insert,, Time: 2023-04-09 20:20:07.121784 ,  EntranceRoom: 3, ExitRoom: 2, isValid: true
Mongo Insert,, Time: 2023-04-09 20:20:07.121784 ,  EntranceRoom: 1, ExitRoom: 3, isValid: true
Queue Insert, pisid_mazemov, {Hora:"2023-04-09 20:20:08.120114", SalaEntrada:2, SalaSaida:4},
Mongo Insert,, Time: 2023-04-09 20:20:08.120114 ,  EntranceRoom: 2, ExitRoom: 4, isValid: true
Queue Insert, pisid_mazemov, {Hora:"2023-04-09 20:20:08.615788", SalaEntrada:5, SalaSaida:3},
Mongo Insert,, Time: 2023-04-09 20:20:08.615788 ,  EntranceRoom: 5, ExitRoom: 3, isValid: true
Queue Insert, pisid_mazemov, {Hora:"2023-04-09 20:20:10.112784", SalaEntrada:3, SalaSaida:2},
Mongo Insert,, Time: 2023-04-09 20:20:10.112784 ,  EntranceRoom: 3, ExitRoom: 2, isValid: true
Queue Insert, pisid_mazemov, {Hora:"2023-04-09 20:20:10.116774", SalaEntrada:3, SalaSaida:2},
Queue Insert, pisid_mazemov, {Hora:"2023-04-09 20:20:10.117771", SalaEntrada:7, SalaSaida:5},
Queue Insert, pisid_mazemov, {Hora:"2023-04-09 20:20:10.120763", SalaEntrada:4, SalaSaida:5},
Queue Insert, pisid_mazemov, {Hora:"2023-04-09 20:20:10.122769", SalaEntrada:3, SalaSaida:2},
Mongo Insert,, Time: 2023-04-09 20:20:10.116774 ,  EntranceRoom: 3, ExitRoom: 2, isValid: true
Mongo Insert,, Time: 2023-04-09 20:20:10.117771 ,  EntranceRoom: 7, ExitRoom: 5, isValid: true
Mongo Insert,, Time: 2023-04-09 20:20:10.120763 ,  EntranceRoom: 4, ExitRoom: 5, isValid: true
Mongo Insert,, Time: 2023-04-09 20:20:10.122769 ,  EntranceRoom: 3, ExitRoom: 2, isValid: true
Queue Insert, pisid_mazemov, {Hora:"2023-04-09 20:20:11.116114", SalaEntrada:7, SalaSaida:5},
Queue Insert, pisid_mazemov, {Hora:"2023-04-09 20:20:11.120103", SalaEntrada:2, SalaSaida:4},
Mongo Insert,, Time: 2023-04-09 20:20:11.116114 ,  EntranceRoom: 7, ExitRoom: 5, isValid: true
Mongo Insert,, Time: 2023-04-09 20:20:11.120103 ,  EntranceRoom: 2, ExitRoom: 4, isValid: true
Queue Insert, pisid_mazemov, {Hora:"2023-04-09 20:20:11.618769", SalaEntrada:5, SalaSaida:7},
Queue Insert, pisid_mazemov, {Hora:"2023-04-09 20:20:11.621761", SalaEntrada:5, SalaSaida:7},
Queue Insert, pisid_mazemov, {Hora:"2023-04-09 20:20:11.622759", SalaEntrada:1, SalaSaida:3},
Mongo Insert,, Time: 2023-04-09 20:20:11.618769 ,  EntranceRoom: 5, ExitRoom: 7, isValid: true
Mongo Insert,, Time: 2023-04-09 20:20:11.621761 ,  EntranceRoom: 5, ExitRoom: 7, isValid: true
Mongo Insert,, Time: 2023-04-09 20:20:11.622759 ,  EntranceRoom: 1, ExitRoom: 3, isValid: true
Queue Insert, pisid_mazemov, {Hora:"2023-04-09 20:20:13.122746", SalaEntrada:1, SalaSaida:2},
Mongo Insert,, Time: 2023-04-09 20:20:13.122746 ,  EntranceRoom: 1, ExitRoom: 2, isValid: true
Queue Insert, pisid_mazemov, {Hora:"2023-04-09 20:20:13.123744", SalaEntrada:3, SalaSaida:2},
Mongo Insert,, Time: 2023-04-09 20:20:13.123744 ,  EntranceRoom: 3, ExitRoom: 2, isValid: true
Queue Insert, pisid_mazemov, {Hora:"2023-04-09 20:20:13.612437", SalaEntrada:7, SalaSaida:5},
Mongo Insert,, Time: 2023-04-09 20:20:13.612437 ,  EntranceRoom: 7, ExitRoom: 5, isValid: true
Queue Insert, pisid_mazemov, {Hora:"2023-04-09 20:20:14.610766", SalaEntrada:2, SalaSaida:4},
Queue Insert, pisid_mazemov, {Hora:"2023-04-09 20:20:14.615753", SalaEntrada:8, SalaSaida:10},
Mongo Insert,, Time: 2023-04-09 20:20:14.610766 ,  EntranceRoom: 2, ExitRoom: 4, isValid: true
Mongo Insert,, Time: 2023-04-09 20:20:14.615753 ,  EntranceRoom: 8, ExitRoom: 10, isValid: true
Queue Insert, pisid_mazemov, {Hora:"2023-04-09 20:20:15.117411", SalaEntrada:2, SalaSaida:4},
Mongo Insert,, Time: 2023-04-09 20:20:15.117411 ,  EntranceRoom: 2, ExitRoom: 4, isValid: true
Queue Insert, pisid_mazemov, {Hora:"2023-04-09 20:20:16.112749", SalaEntrada:2, SalaSaida:4},
Mongo Insert,, Time: 2023-04-09 20:20:16.112749 ,  EntranceRoom: 2, ExitRoom: 4, isValid: true
Queue Insert, pisid_mazemov, {Hora:"2023-04-09 20:20:16.123720", SalaEntrada:1, SalaSaida:3},
Mongo Insert,, Time: 2023-04-09 20:20:16.12372 ,  EntranceRoom: 1, ExitRoom: 3, isValid: true
Queue Insert, pisid_mazemov, {Hora:"2023-04-09 20:20:17.123046", SalaEntrada:2, SalaSaida:4},
Mongo Insert,, Time: 2023-04-09 20:20:17.123046 ,  EntranceRoom: 2, ExitRoom: 4, isValid: true
Queue Insert, pisid_mazemov, {Hora:"2023-04-09 20:20:18.613061", SalaEntrada:5, SalaSaida:6},
Mongo Insert,, Time: 2023-04-09 20:20:18.613061 ,  EntranceRoom: 5, ExitRoom: 6, isValid: true
Queue Insert, pisid_mazemov, {Hora:"2023-04-09 20:20:19.118708", SalaEntrada:4, SalaSaida:5},
Queue Insert, pisid_mazemov, {Hora:"2023-04-09 20:20:19.119706", SalaEntrada:7, SalaSaida:5},
Queue Insert, pisid_mazemov, {Hora:"2023-04-09 20:20:19.122698", SalaEntrada:7, SalaSaida:5},
Queue Insert, pisid_mazemov, {Hora:"2023-04-09 20:20:19.124198", SalaEntrada:3, SalaSaida:2},
Mongo Insert,, Time: 2023-04-09 20:20:19.118708 ,  EntranceRoom: 4, ExitRoom: 5, isValid: true
Mongo Insert,, Time: 2023-04-09 20:20:19.119706 ,  EntranceRoom: 7, ExitRoom: 5, isValid: true
Mongo Insert,, Time: 2023-04-09 20:20:19.122698 ,  EntranceRoom: 7, ExitRoom: 5, isValid: true
Mongo Insert,, Time: 2023-04-09 20:20:19.124198 ,  EntranceRoom: 3, ExitRoom: 2, isValid: true
Queue Insert, pisid_mazemov, {Hora:"2023-04-09 20:20:19.624860", SalaEntrada:2, SalaSaida:5},
Mongo Insert,, Time: 2023-04-09 20:20:19.62486 ,  EntranceRoom: 2, ExitRoom: 5, isValid: true
Queue Insert, pisid_mazemov, {Hora:"2023-04-09 20:20:20.123526", SalaEntrada:2, SalaSaida:4},
Mongo Insert,, Time: 2023-04-09 20:20:20.123526 ,  EntranceRoom: 2, ExitRoom: 4, isValid: true
Queue Insert, pisid_mazemov, {Hora:"2023-04-09 20:20:20.612219", SalaEntrada:7, SalaSaida:5},
Queue Insert, pisid_mazemov, {Hora:"2023-04-09 20:20:20.623189", SalaEntrada:5, SalaSaida:7},
Mongo Insert,, Time: 2023-04-09 20:20:20.612219 ,  EntranceRoom: 7, ExitRoom: 5, isValid: true
Mongo Insert,, Time: 2023-04-09 20:20:20.623189 ,  EntranceRoom: 5, ExitRoom: 7, isValid: true
Queue Insert, pisid_mazemov, {Hora:"2023-04-09 20:20:21.116869", SalaEntrada:5, SalaSaida:6},
Mongo Insert,, Time: 2023-04-09 20:20:21.116869 ,  EntranceRoom: 5, ExitRoom: 6, isValid: true
Queue Insert, pisid_mazemov, {Hora:"2023-04-09 20:20:22.114201", SalaEntrada:6, SalaSaida:8},
Queue Insert, pisid_mazemov, {Hora:"2023-04-09 20:20:22.124174", SalaEntrada:1, SalaSaida:2},
Queue Insert, pisid_mazemov, {Hora:"2023-04-09 20:20:22.125172", SalaEntrada:1, SalaSaida:3},
Mongo Insert,, Time: 2023-04-09 20:20:22.114201 ,  EntranceRoom: 6, ExitRoom: 8, isValid: true
Mongo Insert,, Time: 2023-04-09 20:20:22.124174 ,  EntranceRoom: 1, ExitRoom: 2, isValid: true
Mongo Insert,, Time: 2023-04-09 20:20:22.125172 ,  EntranceRoom: 1, ExitRoom: 3, isValid: true
Queue Insert, pisid_mazemov, {Hora:"2023-04-09 20:20:23.123502", SalaEntrada:2, SalaSaida:4},
Mongo Insert,, Time: 2023-04-09 20:20:23.123502 ,  EntranceRoom: 2, ExitRoom: 4, isValid: true
Queue Insert, pisid_mazemov, {Hora:"2023-04-09 20:20:24.113853", SalaEntrada:4, SalaSaida:5},
Queue Insert, pisid_mazemov, {Hora:"2023-04-09 20:20:24.119837", SalaEntrada:5, SalaSaida:6},
Queue Insert, pisid_mazemov, {Hora:"2023-04-09 20:20:24.120834", SalaEntrada:5, SalaSaida:3},
Mongo Insert,, Time: 2023-04-09 20:20:24.113853 ,  EntranceRoom: 4, ExitRoom: 5, isValid: true
Mongo Insert,, Time: 2023-04-09 20:20:24.119837 ,  EntranceRoom: 5, ExitRoom: 6, isValid: true
Mongo Insert,, Time: 2023-04-09 20:20:24.120834 ,  EntranceRoom: 5, ExitRoom: 3, isValid: true
Queue Insert, pisid_mazemov, {Hora:"2023-04-09 20:20:24.625484", SalaEntrada:5, SalaSaida:6},
Mongo Insert,, Time: 2023-04-09 20:20:24.625484 ,  EntranceRoom: 5, ExitRoom: 6, isValid: true
Queue Insert, pisid_mazemov, {Hora:"2023-04-09 20:20:25.126145", SalaEntrada:1, SalaSaida:3},
Mongo Insert,, Time: 2023-04-09 20:20:25.126145 ,  EntranceRoom: 1, ExitRoom: 3, isValid: true
Queue Insert, pisid_mazemov, {Hora:"2023-04-09 20:20:25.126145", SalaEntrada:3, SalaSaida:2},
Mongo Insert,, Time: 2023-04-09 20:20:25.126145 ,  EntranceRoom: 3, ExitRoom: 2, isValid: true
Queue Insert, pisid_mazemov, {Hora:"2023-04-09 20:20:25.621819", SalaEntrada:3, SalaSaida:2},
Mongo Insert,, Time: 2023-04-09 20:20:25.621819 ,  EntranceRoom: 3, ExitRoom: 2, isValid: true
Queue Insert, pisid_mazemov, {Hora:"2023-04-09 20:20:26.611173", SalaEntrada:4, SalaSaida:5},
Queue Insert, pisid_mazemov, {Hora:"2023-04-09 20:20:26.627130", SalaEntrada:1, SalaSaida:3},
Mongo Insert,, Time: 2023-04-09 20:20:26.611173 ,  EntranceRoom: 4, ExitRoom: 5, isValid: true
Mongo Insert,, Time: 2023-04-09 20:20:26.62713 ,  EntranceRoom: 1, ExitRoom: 3, isValid: true
Queue Insert, pisid_mazemov, {Hora:"2023-04-09 20:20:27.114826", SalaEntrada:5, SalaSaida:7},
Mongo Insert,, Time: 2023-04-09 20:20:27.114826 ,  EntranceRoom: 5, ExitRoom: 7, isValid: true
Queue Insert, pisid_mazemov, {Hora:"2023-04-09 20:20:27.620473", SalaEntrada:6, SalaSaida:8},
Mongo Insert,, Time: 2023-04-09 20:20:27.620473 ,  EntranceRoom: 6, ExitRoom: 8, isValid: true
Queue Insert, pisid_mazemov, {Hora:"2023-04-09 20:20:28.118142", SalaEntrada:6, SalaSaida:8},
Mongo Insert,, Time: 2023-04-09 20:20:28.118142 ,  EntranceRoom: 6, ExitRoom: 8, isValid: true
Queue Insert, pisid_mazemov, {Hora:"2023-04-09 20:20:28.124126", SalaEntrada:7, SalaSaida:5},
Queue Insert, pisid_mazemov, {Hora:"2023-04-09 20:20:28.126121", SalaEntrada:6, SalaSaida:8},
Queue Insert, pisid_mazemov, {Hora:"2023-04-09 20:20:28.128116", SalaEntrada:3, SalaSaida:2},
Queue Insert, pisid_mazemov, {Hora:"2023-04-09 20:20:28.128116", SalaEntrada:3, SalaSaida:2},
Mongo Insert,, Time: 2023-04-09 20:20:28.124126 ,  EntranceRoom: 7, ExitRoom: 5, isValid: true
Mongo Insert,, Time: 2023-04-09 20:20:28.126121 ,  EntranceRoom: 6, ExitRoom: 8, isValid: true
Mongo Insert,, Time: 2023-04-09 20:20:28.128116 ,  EntranceRoom: 3, ExitRoom: 2, isValid: true
Mongo Insert,, Time: 2023-04-09 20:20:28.128116 ,  EntranceRoom: 3, ExitRoom: 2, isValid: true
Queue Insert, pisid_mazemov, {Hora:"2023-04-09 20:20:29.121458", SalaEntrada:8, SalaSaida:9},
Queue Insert, pisid_mazemov, {Hora:"2023-04-09 20:20:29.125448", SalaEntrada:2, SalaSaida:4},
Mongo Insert,, Time: 2023-04-09 20:20:29.121458 ,  EntranceRoom: 8, ExitRoom: 9, isValid: true
Mongo Insert,, Time: 2023-04-09 20:20:29.125448 ,  EntranceRoom: 2, ExitRoom: 4, isValid: true
Queue Insert, pisid_mazemov, {Hora:"2023-04-09 20:20:29.613143", SalaEntrada:2, SalaSaida:5},
Mongo Insert,, Time: 2023-04-09 20:20:29.613143 ,  EntranceRoom: 2, ExitRoom: 5, isValid: true
Queue Insert, pisid_mazemov, {Hora:"2023-04-09 20:20:29.614648", SalaEntrada:8, SalaSaida:10},
Queue Insert, pisid_mazemov, {Hora:"2023-04-09 20:20:29.626614", SalaEntrada:8, SalaSaida:9},
Mongo Insert,, Time: 2023-04-09 20:20:29.614648 ,  EntranceRoom: 8, ExitRoom: 10, isValid: true
Mongo Insert,, Time: 2023-04-09 20:20:29.626614 ,  EntranceRoom: 8, ExitRoom: 9, isValid: true
Queue Insert, pisid_mazemov, {Hora:"2023-04-09 20:20:30.622949", SalaEntrada:2, SalaSaida:4},
Mongo Insert,, Time: 2023-04-09 20:20:30.622949 ,  EntranceRoom: 2, ExitRoom: 4, isValid: true
Queue Insert, pisid_mazemov, {Hora:"2023-04-09 20:20:31.111641", SalaEntrada:5, SalaSaida:7},
Queue Insert, pisid_mazemov, {Hora:"2023-04-09 20:20:31.118623", SalaEntrada:8, SalaSaida:9},
Mongo Insert,, Time: 2023-04-09 20:20:31.111641 ,  EntranceRoom: 5, ExitRoom: 7, isValid: true
Mongo Insert,, Time: 2023-04-09 20:20:31.118623 ,  EntranceRoom: 8, ExitRoom: 9, isValid: true
Queue Insert, pisid_mazemov, {Hora:"2023-04-09 20:20:33.125255", SalaEntrada:5, SalaSaida:3},
Queue Insert, pisid_mazemov, {Hora:"2023-04-09 20:20:33.129245", SalaEntrada:2, SalaSaida:4},
Mongo Insert,, Time: 2023-04-09 20:20:33.125255 ,  EntranceRoom: 5, ExitRoom: 3, isValid: true
Mongo Insert,, Time: 2023-04-09 20:20:33.129245 ,  EntranceRoom: 2, ExitRoom: 4, isValid: true
Queue Insert, pisid_mazemov, {Hora:"2023-04-09 20:20:34.127574", SalaEntrada:1, SalaSaida:2},
Mongo Insert,, Time: 2023-04-09 20:20:34.127574 ,  EntranceRoom: 1, ExitRoom: 2, isValid: true
Queue Insert, pisid_mazemov, {Hora:"2023-04-09 20:20:34.624246", SalaEntrada:4, SalaSaida:5},
Mongo Insert,, Time: 2023-04-09 20:20:34.624246 ,  EntranceRoom: 4, ExitRoom: 5, isValid: true
Queue Insert, pisid_mazemov, {Hora:"2023-04-09 20:20:34.625747", SalaEntrada:3, SalaSaida:2},
Mongo Insert,, Time: 2023-04-09 20:20:34.625747 ,  EntranceRoom: 3, ExitRoom: 2, isValid: true
Queue Insert, pisid_mazemov, {Hora:"2023-04-09 20:20:35.122419", SalaEntrada:9, SalaSaida:7},
Mongo Insert,, Time: 2023-04-09 20:20:35.122419 ,  EntranceRoom: 9, ExitRoom: 7, isValid: true
Queue Insert, pisid_mazemov, {Hora:"2023-04-09 20:20:35.613107", SalaEntrada:5, SalaSaida:3},
Queue Insert, pisid_mazemov, {Hora:"2023-04-09 20:20:35.627070", SalaEntrada:9, SalaSaida:7},
Mongo Insert,, Time: 2023-04-09 20:20:35.613107 ,  EntranceRoom: 5, ExitRoom: 3, isValid: true
Mongo Insert,, Time: 2023-04-09 20:20:35.62707 ,  EntranceRoom: 9, ExitRoom: 7, isValid: true
Queue Insert, pisid_mazemov, {Hora:"2023-04-09 20:20:37.128055", SalaEntrada:1, SalaSaida:2},
Queue Insert, pisid_mazemov, {Hora:"2023-04-09 20:20:37.130049", SalaEntrada:4, SalaSaida:5},
Mongo Insert,, Time: 2023-04-09 20:20:37.128055 ,  EntranceRoom: 1, ExitRoom: 2, isValid: true
Mongo Insert,, Time: 2023-04-09 20:20:37.130049 ,  EntranceRoom: 4, ExitRoom: 5, isValid: true
Queue Insert, pisid_mazemov, {Hora:"2023-04-09 20:20:38.127382", SalaEntrada:2, SalaSaida:5},
Queue Insert, pisid_mazemov, {Hora:"2023-04-09 20:20:38.128883", SalaEntrada:2, SalaSaida:4},
Queue Insert, pisid_mazemov, {Hora:"2023-04-09 20:20:38.629544", SalaEntrada:1, SalaSaida:3},
Queue Insert, pisid_mazemov, {Hora:"2023-04-09 20:20:39.624882", SalaEntrada:5, SalaSaida:3},
Queue Insert, pisid_mazemov, {Hora:"2023-04-09 20:20:39.626383", SalaEntrada:2, SalaSaida:4},
Queue Insert, pisid_mazemov, {Hora:"2023-04-09 20:20:40.114080", SalaEntrada:3, SalaSaida:2},
Queue Insert, pisid_mazemov, {Hora:"2023-04-09 20:20:40.130037", SalaEntrada:1, SalaSaida:3},
Queue Insert, pisid_mazemov, {Hora:"2023-04-09 20:20:41.125374", SalaEntrada:3, SalaSaida:2},
Queue Insert, pisid_mazemov, {Hora:"2023-04-09 20:20:42.115725", SalaEntrada:7, SalaSaida:5},
Queue Insert, pisid_mazemov, {Hora:"2023-04-09 20:20:42.130685", SalaEntrada:5, SalaSaida:6},
Queue Insert, pisid_mazemov, {Hora:"2023-04-09 20:20:42.623368", SalaEntrada:7, SalaSaida:5},
Queue Insert, pisid_mazemov, {Hora:"2023-04-09 20:20:43.128018", SalaEntrada:7, SalaSaida:5},
Queue Insert, pisid_mazemov, {Hora:"2023-04-09 20:20:43.130013", SalaEntrada:3, SalaSaida:2},
Queue Insert, pisid_mazemov, {Hora:"2023-04-09 20:20:43.131010", SalaEntrada:1, SalaSaida:3},
Queue Insert, pisid_mazemov, {Hora:"2023-04-09 20:20:43.131010", SalaEntrada:3, SalaSaida:2},
Queue Insert, pisid_mazemov, {Hora:"2023-04-09 20:20:43.626684", SalaEntrada:4, SalaSaida:5},
Queue Insert, pisid_mazemov, {Hora:"2023-04-09 20:20:44.614043", SalaEntrada:5, SalaSaida:3},
Queue Insert, pisid_mazemov, {Hora:"2023-04-09 20:20:45.116699", SalaEntrada:5, SalaSaida:7},
Queue Insert, pisid_mazemov, {Hora:"2023-04-09 20:20:45.127669", SalaEntrada:5, SalaSaida:7},
Queue Insert, pisid_mazemov, {Hora:"2023-04-09 20:20:45.631322", SalaEntrada:6, SalaSaida:8},
Queue Insert, pisid_mazemov, {Hora:"2023-04-09 20:20:46.131983", SalaEntrada:3, SalaSaida:2},
Queue Insert, pisid_mazemov, {Hora:"2023-04-09 20:20:47.129315", SalaEntrada:2, SalaSaida:4},
Queue Insert, pisid_mazemov, {Hora:"2023-04-09 20:20:47.132307", SalaEntrada:8, SalaSaida:9},
Queue Insert, pisid_mazemov, {Hora:"2023-04-09 20:20:47.623992", SalaEntrada:5, SalaSaida:3},
Queue Insert, pisid_mazemov, {Hora:"2023-04-09 20:20:47.625987", SalaEntrada:2, SalaSaida:5},
Queue Insert, pisid_mazemov, {Hora:"2023-04-09 20:20:48.128642", SalaEntrada:5, SalaSaida:3},
Queue Insert, pisid_mazemov, {Hora:"2023-04-09 20:20:49.115004", SalaEntrada:3, SalaSaida:2},
Queue Insert, pisid_mazemov, {Hora:"2023-04-09 20:20:49.124977", SalaEntrada:3, SalaSaida:2},
Queue Insert, pisid_mazemov, {Hora:"2023-04-09 20:20:49.131959", SalaEntrada:1, SalaSaida:2},
Queue Insert, pisid_mazemov, {Hora:"2023-04-09 20:20:49.629628", SalaEntrada:3, SalaSaida:2},
Queue Insert, pisid_mazemov, {Hora:"2023-04-09 20:20:52.132932", SalaEntrada:1, SalaSaida:2},
Queue Insert, pisid_mazemov, {Hora:"2023-04-09 20:20:52.626611", SalaEntrada:5, SalaSaida:3},
Queue Insert, pisid_mazemov, {Hora:"2023-04-09 20:20:52.628112", SalaEntrada:7, SalaSaida:5},
Queue Insert, pisid_mazemov, {Hora:"2023-04-09 20:20:53.131766", SalaEntrada:2, SalaSaida:4},
Queue Insert, pisid_mazemov, {Hora:"2023-04-09 20:20:53.132763", SalaEntrada:9, SalaSaida:7},
Queue Insert, pisid_mazemov, {Hora:"2023-04-09 20:20:53.612480", SalaEntrada:7, SalaSaida:5},
Queue Insert, pisid_mazemov, {Hora:"2023-04-09 20:20:54.127103", SalaEntrada:3, SalaSaida:2},
Queue Insert, pisid_mazemov, {Hora:"2023-04-09 20:20:54.128605", SalaEntrada:5, SalaSaida:7},
Queue Insert, pisid_mazemov, {Hora:"2023-04-09 20:20:54.630264", SalaEntrada:2, SalaSaida:4},
Queue Insert, pisid_mazemov, {Hora:"2023-04-09 20:20:55.133917", SalaEntrada:1, SalaSaida:2},
Queue Insert, pisid_mazemov, {Hora:"2023-04-09 20:20:55.625601", SalaEntrada:2, SalaSaida:5},
Queue Insert, pisid_mazemov, {Hora:"2023-04-09 20:20:56.133244", SalaEntrada:2, SalaSaida:4},
Queue Insert, pisid_mazemov, {Hora:"2023-04-09 20:20:58.130900", SalaEntrada:2, SalaSaida:4},
Queue Insert, pisid_mazemov, {Hora:"2023-04-09 20:20:58.135887", SalaEntrada:1, SalaSaida:3},
Queue Insert, pisid_mazemov, {Hora:"2023-04-09 20:20:58.630564", SalaEntrada:4, SalaSaida:5},
Queue Insert, pisid_mazemov, {Hora:"2023-04-09 20:20:59.128233", SalaEntrada:2, SalaSaida:4},
Queue Insert, pisid_mazemov, {Hora:"2023-04-09 20:20:59.614931", SalaEntrada:2, SalaSaida:5},
Queue Insert, pisid_mazemov, {Hora:"2023-04-09 20:21:00.117586", SalaEntrada:7, SalaSaida:5},
Queue Insert, pisid_mazemov, {Hora:"2023-04-09 20:21:00.633207", SalaEntrada:7, SalaSaida:5},
Queue Insert, pisid_mazemov, {Hora:"2023-04-09 20:21:01.134865", SalaEntrada:1, SalaSaida:2},
Queue Insert, pisid_mazemov, {Hora:"2023-04-09 20:21:01.136367", SalaEntrada:3, SalaSaida:2},
Queue Insert, pisid_mazemov, {Hora:"2023-04-09 20:21:01.629050", SalaEntrada:7, SalaSaida:5},
Queue Insert, pisid_mazemov, {Hora:"2023-04-09 20:21:02.132703", SalaEntrada:2, SalaSaida:5},
Queue Insert, pisid_mazemov, {Hora:"2023-04-09 20:21:03.118067", SalaEntrada:5, SalaSaida:7},
Queue Insert, pisid_mazemov, {Hora:"2023-04-09 20:21:03.129038", SalaEntrada:4, SalaSaida:5},
Queue Insert, pisid_mazemov, {Hora:"2023-04-09 20:21:03.631693", SalaEntrada:5, SalaSaida:6},
Queue Insert, pisid_mazemov, {Hora:"2023-04-09 20:21:04.115399", SalaEntrada:5, SalaSaida:7},
Queue Insert, pisid_mazemov, {Hora:"2023-04-09 20:21:04.115399", SalaEntrada:2, SalaSaida:4},
Queue Insert, pisid_mazemov, {Hora:"2023-04-09 20:21:04.134349", SalaEntrada:4, SalaSaida:5},
Queue Insert, pisid_mazemov, {Hora:"2023-04-09 20:21:04.136344", SalaEntrada:1, SalaSaida:2},
Queue Insert, pisid_mazemov, {Hora:"2023-04-09 20:21:04.630023", SalaEntrada:5, SalaSaida:7},
Queue Insert, pisid_mazemov, {Hora:"2023-04-09 20:21:05.634337", SalaEntrada:5, SalaSaida:3},
Queue Insert, pisid_mazemov, {Hora:"2023-04-09 20:21:06.629674", SalaEntrada:5, SalaSaida:6},
Queue Insert, pisid_mazemov, {Hora:"2023-04-09 20:21:07.132330", SalaEntrada:6, SalaSaida:8},
Queue Insert, pisid_mazemov, {Hora:"2023-04-09 20:21:07.135322", SalaEntrada:3, SalaSaida:2},
Queue Insert, pisid_mazemov, {Hora:"2023-04-09 20:21:07.136826", SalaEntrada:1, SalaSaida:2},
Queue Insert, pisid_mazemov, {Hora:"2023-04-09 20:21:08.612875", SalaEntrada:5, SalaSaida:6},
Queue Insert, pisid_mazemov, {Hora:"2023-04-09 20:21:08.632822", SalaEntrada:8, SalaSaida:9},
Queue Insert, pisid_mazemov, {Hora:"2023-04-09 20:21:08.637808", SalaEntrada:1, SalaSaida:3},
Queue Insert, pisid_mazemov, {Hora:"2023-04-09 20:21:10.130815", SalaEntrada:6, SalaSaida:8},
Queue Insert, pisid_mazemov, {Hora:"2023-04-09 20:21:10.131812", SalaEntrada:4, SalaSaida:5},
Queue Insert, pisid_mazemov, {Hora:"2023-04-09 20:21:11.137123", SalaEntrada:2, SalaSaida:4},
Queue Insert, pisid_mazemov, {Hora:"2023-04-09 20:21:11.638781", SalaEntrada:1, SalaSaida:3},
Queue Insert, pisid_mazemov, {Hora:"2023-04-09 20:21:11.639779", SalaEntrada:1, SalaSaida:3},
Mongo Insert,, Time: 2023-04-09 20:20:38.127382 ,  EntranceRoom: 2, ExitRoom: 5, isValid: true
Mongo Insert,, Time: 2023-04-09 20:20:38.128883 ,  EntranceRoom: 2, ExitRoom: 4, isValid: true
Mongo Insert,, Time: 2023-04-09 20:20:38.629544 ,  EntranceRoom: 1, ExitRoom: 3, isValid: true
Mongo Insert,, Time: 2023-04-09 20:20:39.624882 ,  EntranceRoom: 5, ExitRoom: 3, isValid: true
Mongo Insert,, Time: 2023-04-09 20:20:39.626383 ,  EntranceRoom: 2, ExitRoom: 4, isValid: true
Mongo Insert,, Time: 2023-04-09 20:20:40.11408 ,  EntranceRoom: 3, ExitRoom: 2, isValid: true
Mongo Insert,, Time: 2023-04-09 20:20:40.130037 ,  EntranceRoom: 1, ExitRoom: 3, isValid: true
Mongo Insert,, Time: 2023-04-09 20:20:41.125374 ,  EntranceRoom: 3, ExitRoom: 2, isValid: true
Mongo Insert,, Time: 2023-04-09 20:20:42.115725 ,  EntranceRoom: 7, ExitRoom: 5, isValid: true
Mongo Insert,, Time: 2023-04-09 20:20:42.130685 ,  EntranceRoom: 5, ExitRoom: 6, isValid: true
Mongo Insert,, Time: 2023-04-09 20:20:42.623368 ,  EntranceRoom: 7, ExitRoom: 5, isValid: true
Mongo Insert,, Time: 2023-04-09 20:20:43.128018 ,  EntranceRoom: 7, ExitRoom: 5, isValid: true
Mongo Insert,, Time: 2023-04-09 20:20:43.130013 ,  EntranceRoom: 3, ExitRoom: 2, isValid: true
Mongo Insert,, Time: 2023-04-09 20:20:43.13101 ,  EntranceRoom: 1, ExitRoom: 3, isValid: true
Mongo Insert,, Time: 2023-04-09 20:20:43.13101 ,  EntranceRoom: 3, ExitRoom: 2, isValid: true
Mongo Insert,, Time: 2023-04-09 20:20:43.626684 ,  EntranceRoom: 4, ExitRoom: 5, isValid: true
Mongo Insert,, Time: 2023-04-09 20:20:44.614043 ,  EntranceRoom: 5, ExitRoom: 3, isValid: true
Mongo Insert,, Time: 2023-04-09 20:20:45.116699 ,  EntranceRoom: 5, ExitRoom: 7, isValid: true
Mongo Insert,, Time: 2023-04-09 20:20:45.127669 ,  EntranceRoom: 5, ExitRoom: 7, isValid: true
Mongo Insert,, Time: 2023-04-09 20:20:45.631322 ,  EntranceRoom: 6, ExitRoom: 8, isValid: true
Mongo Insert,, Time: 2023-04-09 20:20:46.131983 ,  EntranceRoom: 3, ExitRoom: 2, isValid: true
Mongo Insert,, Time: 2023-04-09 20:20:47.129315 ,  EntranceRoom: 2, ExitRoom: 4, isValid: true
Mongo Insert,, Time: 2023-04-09 20:20:47.132307 ,  EntranceRoom: 8, ExitRoom: 9, isValid: true
Mongo Insert,, Time: 2023-04-09 20:20:47.623992 ,  EntranceRoom: 5, ExitRoom: 3, isValid: true
Mongo Insert,, Time: 2023-04-09 20:20:47.625987 ,  EntranceRoom: 2, ExitRoom: 5, isValid: true
Mongo Insert,, Time: 2023-04-09 20:20:48.128642 ,  EntranceRoom: 5, ExitRoom: 3, isValid: true
Mongo Insert,, Time: 2023-04-09 20:20:49.115004 ,  EntranceRoom: 3, ExitRoom: 2, isValid: true
Mongo Insert,, Time: 2023-04-09 20:20:49.124977 ,  EntranceRoom: 3, ExitRoom: 2, isValid: true
Mongo Insert,, Time: 2023-04-09 20:20:49.131959 ,  EntranceRoom: 1, ExitRoom: 2, isValid: true
Mongo Insert,, Time: 2023-04-09 20:20:49.629628 ,  EntranceRoom: 3, ExitRoom: 2, isValid: true
Mongo Insert,, Time: 2023-04-09 20:20:52.132932 ,  EntranceRoom: 1, ExitRoom: 2, isValid: true
Mongo Insert,, Time: 2023-04-09 20:20:52.626611 ,  EntranceRoom: 5, ExitRoom: 3, isValid: true
Queue Insert, pisid_mazemov, {Hora:"2023-04-09 20:21:12.130466", SalaEntrada:7, SalaSaida:5},
Mongo Insert,, Time: 2023-04-09 20:20:52.628112 ,  EntranceRoom: 7, ExitRoom: 5, isValid: true
Mongo Insert,, Time: 2023-04-09 20:20:53.131766 ,  EntranceRoom: 2, ExitRoom: 4, isValid: true
Mongo Insert,, Time: 2023-04-09 20:20:53.132763 ,  EntranceRoom: 9, ExitRoom: 7, isValid: true
Mongo Insert,, Time: 2023-04-09 20:20:53.61248 ,  EntranceRoom: 7, ExitRoom: 5, isValid: true
Mongo Insert,, Time: 2023-04-09 20:20:54.127103 ,  EntranceRoom: 3, ExitRoom: 2, isValid: true
Mongo Insert,, Time: 2023-04-09 20:20:54.128605 ,  EntranceRoom: 5, ExitRoom: 7, isValid: true
Mongo Insert,, Time: 2023-04-09 20:20:54.630264 ,  EntranceRoom: 2, ExitRoom: 4, isValid: true
Mongo Insert,, Time: 2023-04-09 20:20:55.133917 ,  EntranceRoom: 1, ExitRoom: 2, isValid: true
Mongo Insert,, Time: 2023-04-09 20:20:55.625601 ,  EntranceRoom: 2, ExitRoom: 5, isValid: true
Mongo Insert,, Time: 2023-04-09 20:20:56.133244 ,  EntranceRoom: 2, ExitRoom: 4, isValid: true
Mongo Insert,, Time: 2023-04-09 20:20:58.1309 ,  EntranceRoom: 2, ExitRoom: 4, isValid: true
Queue Insert, pisid_mazemov, {Hora:"2023-04-09 20:21:12.133458", SalaEntrada:5, SalaSaida:3},
Mongo Insert,, Time: 2023-04-09 20:20:58.135887 ,  EntranceRoom: 1, ExitRoom: 3, isValid: true
Mongo Insert,, Time: 2023-04-09 20:20:58.630564 ,  EntranceRoom: 4, ExitRoom: 5, isValid: true
Mongo Insert,, Time: 2023-04-09 20:20:59.128233 ,  EntranceRoom: 2, ExitRoom: 4, isValid: true
Mongo Insert,, Time: 2023-04-09 20:20:59.614931 ,  EntranceRoom: 2, ExitRoom: 5, isValid: true
Mongo Insert,, Time: 2023-04-09 20:21:00.117586 ,  EntranceRoom: 7, ExitRoom: 5, isValid: true
Mongo Insert,, Time: 2023-04-09 20:21:00.633207 ,  EntranceRoom: 7, ExitRoom: 5, isValid: true
Mongo Insert,, Time: 2023-04-09 20:21:01.134865 ,  EntranceRoom: 1, ExitRoom: 2, isValid: true
Mongo Insert,, Time: 2023-04-09 20:21:01.136367 ,  EntranceRoom: 3, ExitRoom: 2, isValid: true
Mongo Insert,, Time: 2023-04-09 20:21:01.62905 ,  EntranceRoom: 7, ExitRoom: 5, isValid: true
Mongo Insert,, Time: 2023-04-09 20:21:02.132703 ,  EntranceRoom: 2, ExitRoom: 5, isValid: true
Mongo Insert,, Time: 2023-04-09 20:21:03.118067 ,  EntranceRoom: 5, ExitRoom: 7, isValid: true
Mongo Insert,, Time: 2023-04-09 20:21:03.129038 ,  EntranceRoom: 4, ExitRoom: 5, isValid: true
Mongo Insert,, Time: 2023-04-09 20:21:03.631693 ,  EntranceRoom: 5, ExitRoom: 6, isValid: true
Mongo Insert,, Time: 2023-04-09 20:21:04.115399 ,  EntranceRoom: 5, ExitRoom: 7, isValid: true
Mongo Insert,, Time: 2023-04-09 20:21:04.115399 ,  EntranceRoom: 2, ExitRoom: 4, isValid: true
Mongo Insert,, Time: 2023-04-09 20:21:04.134349 ,  EntranceRoom: 4, ExitRoom: 5, isValid: true
Mongo Insert,, Time: 2023-04-09 20:21:04.136344 ,  EntranceRoom: 1, ExitRoom: 2, isValid: true
Mongo Insert,, Time: 2023-04-09 20:21:04.630023 ,  EntranceRoom: 5, ExitRoom: 7, isValid: true
Mongo Insert,, Time: 2023-04-09 20:21:05.634337 ,  EntranceRoom: 5, ExitRoom: 3, isValid: true
Mongo Insert,, Time: 2023-04-09 20:21:06.629674 ,  EntranceRoom: 5, ExitRoom: 6, isValid: true
Mongo Insert,, Time: 2023-04-09 20:21:07.13233 ,  EntranceRoom: 6, ExitRoom: 8, isValid: true
Mongo Insert,, Time: 2023-04-09 20:21:07.135322 ,  EntranceRoom: 3, ExitRoom: 2, isValid: true
Mongo Insert,, Time: 2023-04-09 20:21:07.136826 ,  EntranceRoom: 1, ExitRoom: 2, isValid: true
Mongo Insert,, Time: 2023-04-09 20:21:08.612875 ,  EntranceRoom: 5, ExitRoom: 6, isValid: true
Mongo Insert,, Time: 2023-04-09 20:21:08.632822 ,  EntranceRoom: 8, ExitRoom: 9, isValid: true
Mongo Insert,, Time: 2023-04-09 20:21:08.637808 ,  EntranceRoom: 1, ExitRoom: 3, isValid: true
Mongo Insert,, Time: 2023-04-09 20:21:10.130815 ,  EntranceRoom: 6, ExitRoom: 8, isValid: true
Mongo Insert,, Time: 2023-04-09 20:21:10.131812 ,  EntranceRoom: 4, ExitRoom: 5, isValid: true
Mongo Insert,, Time: 2023-04-09 20:21:11.137123 ,  EntranceRoom: 2, ExitRoom: 4, isValid: true
Mongo Insert,, Time: 2023-04-09 20:21:11.638781 ,  EntranceRoom: 1, ExitRoom: 3, isValid: true
Mongo Insert,, Time: 2023-04-09 20:21:11.639779 ,  EntranceRoom: 1, ExitRoom: 3, isValid: true
Mongo Insert,, Time: 2023-04-09 20:21:12.130466 ,  EntranceRoom: 7, ExitRoom: 5, isValid: true
Mongo Insert,, Time: 2023-04-09 20:21:12.133458 ,  EntranceRoom: 5, ExitRoom: 3, isValid: true
Queue Insert, pisid_mazemov, {Hora:"2023-04-09 20:21:13.138769", SalaEntrada:3, SalaSaida:2},
Mongo Insert,, Time: 2023-04-09 20:21:13.138769 ,  EntranceRoom: 3, ExitRoom: 2, isValid: true
Queue Insert, pisid_mazemov, {Hora:"2023-04-09 20:21:13.140764", SalaEntrada:3, SalaSaida:2},
Mongo Insert,, Time: 2023-04-09 20:21:13.140764 ,  EntranceRoom: 3, ExitRoom: 2, isValid: true
Queue Insert, pisid_mazemov, {Hora:"2023-04-09 20:21:13.636438", SalaEntrada:2, SalaSaida:5},
Mongo Insert,, Time: 2023-04-09 20:21:13.636438 ,  EntranceRoom: 2, ExitRoom: 5, isValid: true
Queue Insert, pisid_mazemov, {Hora:"2023-04-09 20:21:14.135104", SalaEntrada:5, SalaSaida:6},
Mongo Insert,, Time: 2023-04-09 20:21:14.135104 ,  EntranceRoom: 5, ExitRoom: 6, isValid: true
Queue Insert, pisid_mazemov, {Hora:"2023-04-09 20:21:14.633770", SalaEntrada:9, SalaSaida:7},
Mongo Insert,, Time: 2023-04-09 20:21:14.63377 ,  EntranceRoom: 9, ExitRoom: 7, isValid: true
Queue Insert, pisid_mazemov, {Hora:"2023-04-09 20:21:15.134431", SalaEntrada:3, SalaSaida:2},
Mongo Insert,, Time: 2023-04-09 20:21:15.134431 ,  EntranceRoom: 3, ExitRoom: 2, isValid: true
Queue Insert, pisid_mazemov, {Hora:"2023-04-09 20:21:16.116804", SalaEntrada:4, SalaSaida:5},
Mongo Insert,, Time: 2023-04-09 20:21:16.116804 ,  EntranceRoom: 4, ExitRoom: 5, isValid: true
Queue Insert, pisid_mazemov, {Hora:"2023-04-09 20:21:16.135753", SalaEntrada:2, SalaSaida:4},
Queue Insert, pisid_mazemov, {Hora:"2023-04-09 20:21:16.139742", SalaEntrada:3, SalaSaida:2},
Queue Insert, pisid_mazemov, {Hora:"2023-04-09 20:21:16.140740", SalaEntrada:1, SalaSaida:3},
Mongo Insert,, Time: 2023-04-09 20:21:16.135753 ,  EntranceRoom: 2, ExitRoom: 4, isValid: true
Mongo Insert,, Time: 2023-04-09 20:21:16.139742 ,  EntranceRoom: 3, ExitRoom: 2, isValid: true
Mongo Insert,, Time: 2023-04-09 20:21:16.14074 ,  EntranceRoom: 1, ExitRoom: 3, isValid: true
Queue Insert, pisid_mazemov, {Hora:"2023-04-09 20:21:17.131091", SalaEntrada:5, SalaSaida:6},
Mongo Insert,, Time: 2023-04-09 20:21:17.131091 ,  EntranceRoom: 5, ExitRoom: 6, isValid: true
Queue Insert, pisid_mazemov, {Hora:"2023-04-09 20:21:17.631752", SalaEntrada:8, SalaSaida:10},
Mongo Insert,, Time: 2023-04-09 20:21:17.631752 ,  EntranceRoom: 8, ExitRoom: 10, isValid: true
Queue Insert, pisid_mazemov, {Hora:"2023-04-09 20:21:18.118450", SalaEntrada:7, SalaSaida:5},
Queue Insert, pisid_mazemov, {Hora:"2023-04-09 20:21:18.141388", SalaEntrada:2, SalaSaida:4},
Mongo Insert,, Time: 2023-04-09 20:21:18.11845 ,  EntranceRoom: 7, ExitRoom: 5, isValid: true
Mongo Insert,, Time: 2023-04-09 20:21:18.141388 ,  EntranceRoom: 2, ExitRoom: 4, isValid: true
Queue Insert, pisid_mazemov, {Hora:"2023-04-09 20:21:18.637063", SalaEntrada:5, SalaSaida:6},
Mongo Insert,, Time: 2023-04-09 20:21:18.637063 ,  EntranceRoom: 5, ExitRoom: 6, isValid: true
Queue Insert, pisid_mazemov, {Hora:"2023-04-09 20:21:19.141713", SalaEntrada:3, SalaSaida:2},
Mongo Insert,, Time: 2023-04-09 20:21:19.141713 ,  EntranceRoom: 3, ExitRoom: 2, isValid: true
Queue Insert, pisid_mazemov, {Hora:"2023-04-09 20:21:20.137050", SalaEntrada:2, SalaSaida:5},
Mongo Insert,, Time: 2023-04-09 20:21:20.13705 ,  EntranceRoom: 2, ExitRoom: 5, isValid: true
Queue Insert, pisid_mazemov, {Hora:"2023-04-09 20:21:20.617765", SalaEntrada:5, SalaSaida:7},
Mongo Insert,, Time: 2023-04-09 20:21:20.617765 ,  EntranceRoom: 5, ExitRoom: 7, isValid: true
Queue Insert, pisid_mazemov, {Hora:"2023-04-09 20:21:20.631727", SalaEntrada:6, SalaSaida:8},
Mongo Insert,, Time: 2023-04-09 20:21:20.631727 ,  EntranceRoom: 6, ExitRoom: 8, isValid: true
Queue Insert, pisid_mazemov, {Hora:"2023-04-09 20:21:21.136378", SalaEntrada:6, SalaSaida:8},
Mongo Insert,, Time: 2023-04-09 20:21:21.136378 ,  EntranceRoom: 6, ExitRoom: 8, isValid: true
Queue Insert, pisid_mazemov, {Hora:"2023-04-09 20:21:22.134707", SalaEntrada:7, SalaSaida:5},
Queue Insert, pisid_mazemov, {Hora:"2023-04-09 20:21:22.137699", SalaEntrada:6, SalaSaida:8},
Queue Insert, pisid_mazemov, {Hora:"2023-04-09 20:21:22.141689", SalaEntrada:4, SalaSaida:5},
Queue Insert, pisid_mazemov, {Hora:"2023-04-09 20:21:22.142686", SalaEntrada:1, SalaSaida:3},
Mongo Insert,, Time: 2023-04-09 20:21:22.134707 ,  EntranceRoom: 7, ExitRoom: 5, isValid: true
Mongo Insert,, Time: 2023-04-09 20:21:22.137699 ,  EntranceRoom: 6, ExitRoom: 8, isValid: true
Mongo Insert,, Time: 2023-04-09 20:21:22.141689 ,  EntranceRoom: 4, ExitRoom: 5, isValid: true
Mongo Insert,, Time: 2023-04-09 20:21:22.142686 ,  EntranceRoom: 1, ExitRoom: 3, isValid: true
Queue Insert, pisid_mazemov, {Hora:"2023-04-09 20:21:24.137351", SalaEntrada:8, SalaSaida:9},
Mongo Insert,, Time: 2023-04-09 20:21:24.137351 ,  EntranceRoom: 8, ExitRoom: 9, isValid: true
Queue Insert, pisid_mazemov, {Hora:"2023-04-09 20:21:25.132688", SalaEntrada:5, SalaSaida:6},
Mongo Insert,, Time: 2023-04-09 20:21:25.132688 ,  EntranceRoom: 5, ExitRoom: 6,